API_URL,API_Type,API_Slug,Frontend_URL,Status,Title,Content_Length,Headings,First_Paragraph
https://webadmin.pmc.gov.in/api/basic-page/human-resource-management-system?lang=en,basic-page,human-resource-management-system,https://www.pmc.gov.in/en/b/human-resource-management-system,Found,,191,,
https://webadmin.pmc.gov.in/api/basic-page/contact-numbers-officials-electrical-department?lang=en,basic-page,contact-numbers-officials-electrical-department,https://www.pmc.gov.in/en/b/contact-numbers-officials-electrical-department,Found,,191,,
https://webadmin.pmc.gov.in/api/basic-page/pmc-office?lang=en,basic-page,pmc-office,https://www.pmc.gov.in/en/b/pmc-office,Found,,191,,
https://webadmin.pmc.gov.in/api/basic-page/plastic-waste?lang=en,basic-page,plastic-waste,https://www.pmc.gov.in/en/b/plastic-waste,Found,,191,,
https://webadmin.pmc.gov.in/api/basic-page/e-waste-collection?lang=en,basic-page,e-waste-collection,https://www.pmc.gov.in/en/b/e-waste-collection,Found,,191,,
https://webadmin.pmc.gov.in/api/basic-page/garden-waste?lang=en,basic-page,garden-waste,https://www.pmc.gov.in/en/b/garden-waste,Found,,191,,
https://webadmin.pmc.gov.in/api/basic-page/construction-n-demolition-waste?lang=en,basic-page,construction-n-demolition-waste,https://www.pmc.gov.in/en/b/construction-n-demolition-waste,Found,,191,,
https://webadmin.pmc.gov.in/api/basic-page/types-application-forms?lang=en,basic-page,types-application-forms,https://www.pmc.gov.in/en/b/types-application-forms,Found,,191,,
https://webadmin.pmc.gov.in/api/basic-page/pmc-certificate-guidelines?lang=en,basic-page,pmc-certificate-guidelines,https://www.pmc.gov.in/en/b/pmc-certificate-guidelines,Found,,191,,
https://webadmin.pmc.gov.in/api/basic-page/mobile-app-policy?lang=en,basic-page,mobile-app-policy,https://www.pmc.gov.in/en/b/mobile-app-policy,Found,,191,,
https://webadmin.pmc.gov.in/api/basic-page/mobile-app-policy?lang=en,basic-page,mobile-app-policy,https://www.pmc.gov.in/en/b/mobile-app-policy,Found,,191,,
https://webadmin.pmc.gov.in/api/basic-page/yewalewadi-merged-21-12-2012?lang=en,basic-page,yewalewadi-merged-21-12-2012,https://www.pmc.gov.in/en/b/yewalewadi-merged-21-12-2012,Found,,191,,
https://webadmin.pmc.gov.in/api/basic-page/balbharati-paud-phata-link-road?lang=en,basic-page,balbharati-paud-phata-link-road,https://www.pmc.gov.in/en/b/balbharati-paud-phata-link-road,Found,,191,,
https://webadmin.pmc.gov.in/api/basic-page/gis-tree-census-project?lang=en,basic-page,gis-tree-census-project,https://www.pmc.gov.in/en/b/gis-tree-census-project,Found,,191,,
https://webadmin.pmc.gov.in/api/basic-page/grading-listed-buildings?lang=en,basic-page,grading-listed-buildings,https://www.pmc.gov.in/en/b/grading-listed-buildings,Found,,191,,
https://webadmin.pmc.gov.in/api/basic-page/parmm-project?lang=en,basic-page,parmm-project,https://www.pmc.gov.in/en/b/parmm-project,Found,,191,,
https://webadmin.pmc.gov.in/api/basic-page/chief-engineer-projects?lang=en,basic-page,chief-engineer-projects,https://www.pmc.gov.in/en/b/chief-engineer-projects,Found,,191,,
https://webadmin.pmc.gov.in/api/basic-page/faq-riverfront-development-project?lang=en,basic-page,faq-riverfront-development-project,https://www.pmc.gov.in/en/b/faq-riverfront-development-project,Found,,191,,
https://webadmin.pmc.gov.in/api/basic-page/other-departments-vehicles?lang=en,basic-page,other-departments-vehicles,https://www.pmc.gov.in/en/b/other-departments-vehicles,Found,,191,,
https://webadmin.pmc.gov.in/api/basic-page/public-information-officers?lang=en,basic-page,public-information-officers,https://www.pmc.gov.in/en/b/public-information-officers,Found,,191,,
https://webadmin.pmc.gov.in/api/basic-page/pune-climate-action-plan?lang=en,basic-page,pune-climate-action-plan,https://www.pmc.gov.in/en/b/pune-climate-action-plan,Found,,191,,
https://webadmin.pmc.gov.in/api/basic-page/eye-bank?lang=en,basic-page,eye-bank,https://www.pmc.gov.in/en/b/eye-bank,Found,,191,,
https://webadmin.pmc.gov.in/api/basic-page/journey-pune-fire-brigade?lang=en,basic-page,journey-pune-fire-brigade,https://www.pmc.gov.in/en/b/journey-pune-fire-brigade,Found,,191,,
https://webadmin.pmc.gov.in/api/basic-page/fire-brigade-information?lang=en,basic-page,fire-brigade-information,https://www.pmc.gov.in/en/b/fire-brigade-information,Found,,191,,
https://webadmin.pmc.gov.in/api/basic-page/cultural-center-booking-0?lang=en,basic-page,cultural-center-booking-0,https://www.pmc.gov.in/en/b/cultural-center-booking-0,Found,,191,,
https://webadmin.pmc.gov.in/api/basic-page/closed-circuit-television-system-cctv?lang=en,basic-page,closed-circuit-television-system-cctv,https://www.pmc.gov.in/en/b/closed-circuit-television-system-cctv,Found,,191,,
https://webadmin.pmc.gov.in/api/basic-page/events?lang=en,basic-page,events,https://www.pmc.gov.in/en/b/events,Found,,191,,
https://webadmin.pmc.gov.in/api/basic-page/fire-and-rescue-vehicle?lang=en,basic-page,fire-and-rescue-vehicle,https://www.pmc.gov.in/en/b/fire-and-rescue-vehicle,Found,,191,,
https://webadmin.pmc.gov.in/api/basic-page/riverfront?lang=en,basic-page,riverfront,https://www.pmc.gov.in/en/b/riverfront,Found,,191,,
https://webadmin.pmc.gov.in/api/basic-page/machinery-permit?lang=en,basic-page,machinery-permit,https://www.pmc.gov.in/en/b/machinery-permit,Found,,191,,
https://webadmin.pmc.gov.in/api/basic-page/complaints-grievance?lang=en,basic-page,complaints-grievance,https://www.pmc.gov.in/en/b/complaints-grievance,Found,,191,,
https://webadmin.pmc.gov.in/api/basic-page/city-census-awards?lang=en,basic-page,city-census-awards,https://www.pmc.gov.in/en/b/city-census-awards,Found,,191,,
https://webadmin.pmc.gov.in/api/basic-page/city-census-population?lang=en,basic-page,city-census-population,https://www.pmc.gov.in/en/b/city-census-population,Found,,191,,
https://webadmin.pmc.gov.in/api/basic-page/staffing-pattern-and-classification-services?lang=en,basic-page,staffing-pattern-and-classification-services,https://www.pmc.gov.in/en/b/staffing-pattern-and-classification-services,Found,,191,,
https://webadmin.pmc.gov.in/api/basic-page/staffing-pattern-and-classification-services?lang=en,basic-page,staffing-pattern-and-classification-services,https://www.pmc.gov.in/en/b/staffing-pattern-and-classification-services,Found,,191,,
https://webadmin.pmc.gov.in/api/basic-page/solar-tax-benefits?lang=en,basic-page,solar-tax-benefits,https://www.pmc.gov.in/en/b/solar-tax-benefits,Found,,191,,
https://webadmin.pmc.gov.in/api/basic-page/asset-distribution-regulations?lang=en,basic-page,asset-distribution-regulations,https://www.pmc.gov.in/en/b/asset-distribution-regulations,Found,,191,,
https://webadmin.pmc.gov.in/api/basic-page/list-cemeteries?lang=en,basic-page,list-cemeteries,https://www.pmc.gov.in/en/b/list-cemeteries,Found,,191,,
https://webadmin.pmc.gov.in/api/basic-page/pune-24x7-water-supply?lang=en,basic-page,pune-24x7-water-supply,https://www.pmc.gov.in/en/b/pune-24x7-water-supply,Found,,191,,
https://webadmin.pmc.gov.in/api/basic-page/green-rating-system?lang=en,basic-page,green-rating-system,https://www.pmc.gov.in/en/b/green-rating-system,Found,,191,,
https://webadmin.pmc.gov.in/api/basic-page/desludging-operators-list-pmc-and-empanelled-agencies?lang=en,basic-page,desludging-operators-list-pmc-and-empanelled-agencies,https://www.pmc.gov.in/en/b/desludging-operators-list-pmc-and-empanelled-agencies,Found,,191,,
https://webadmin.pmc.gov.in/api/basic-page/services-cultural-department?lang=en,basic-page,services-cultural-department,https://www.pmc.gov.in/en/b/services-cultural-department,Found,,191,,
https://webadmin.pmc.gov.in/api/basic-page/drainage-status-sewerage-maintenance?lang=en,basic-page,drainage-status-sewerage-maintenance,https://www.pmc.gov.in/en/b/drainage-status-sewerage-maintenance,Found,,191,,
https://webadmin.pmc.gov.in/api/basic-page/vocational-training-centres?lang=en,basic-page,vocational-training-centres,https://www.pmc.gov.in/en/b/vocational-training-centres,Found,,191,,
https://webadmin.pmc.gov.in/api/basic-page/required-documents-application-tree-authority?lang=en,basic-page,required-documents-application-tree-authority,https://www.pmc.gov.in/en/b/required-documents-application-tree-authority,Found,,191,,
https://webadmin.pmc.gov.in/api/basic-page/fire-incidence-statistics?lang=en,basic-page,fire-incidence-statistics,https://www.pmc.gov.in/en/b/fire-incidence-statistics,Found,,191,,
https://webadmin.pmc.gov.in/api/basic-page/defense-air-force-noc?lang=en,basic-page,defense-air-force-noc,https://www.pmc.gov.in/en/b/defense-air-force-noc,Found,,191,,
https://webadmin.pmc.gov.in/api/basic-page/ev-readiness-plan-city?lang=en,basic-page,ev-readiness-plan-city,https://www.pmc.gov.in/en/b/ev-readiness-plan-city,Found,,191,,
https://webadmin.pmc.gov.in/api/basic-page/it-awards?lang=en,basic-page,it-awards,https://www.pmc.gov.in/en/b/it-awards,Found,,191,,
https://webadmin.pmc.gov.in/api/basic-page/tree-cutting-permission?lang=en,basic-page,tree-cutting-permission,https://www.pmc.gov.in/en/b/tree-cutting-permission,Found,,191,,
https://webadmin.pmc.gov.in/api/basic-page/evs-economically-cheaper?lang=en,basic-page,evs-economically-cheaper,https://www.pmc.gov.in/en/b/evs-economically-cheaper,Found,,191,,
https://webadmin.pmc.gov.in/api/basic-page/national-immunization-schedule?lang=en,basic-page,national-immunization-schedule,https://www.pmc.gov.in/en/b/national-immunization-schedule,Found,,191,,
https://webadmin.pmc.gov.in/api/basic-page/investor?lang=en,basic-page,investor,https://www.pmc.gov.in/en/b/investor,Found,,191,,
https://webadmin.pmc.gov.in/api/basic-page/key-rules-safety-and-precaution?lang=en,basic-page,key-rules-safety-and-precaution,https://www.pmc.gov.in/en/b/key-rules-safety-and-precaution,Found,,191,,
https://webadmin.pmc.gov.in/api/basic-page/various-service-charges?lang=en,basic-page,various-service-charges,https://www.pmc.gov.in/en/b/various-service-charges,Found,,191,,
https://webadmin.pmc.gov.in/api/basic-page/tree-authority-members?lang=en,basic-page,tree-authority-members,https://www.pmc.gov.in/en/b/tree-authority-members,Found,,191,,
https://webadmin.pmc.gov.in/api/basic-page/frequently-asked-questions?lang=en,basic-page,frequently-asked-questions,https://www.pmc.gov.in/en/b/frequently-asked-questions,Found,,191,,
https://webadmin.pmc.gov.in/api/basic-page/compounded-structures?lang=en,basic-page,compounded-structures,https://www.pmc.gov.in/en/b/compounded-structures,Found,,191,,
https://webadmin.pmc.gov.in/api/basic-page/tdr-generation-info?lang=en,basic-page,tdr-generation-info,https://www.pmc.gov.in/en/b/tdr-generation-info,Found,,191,,
https://webadmin.pmc.gov.in/api/basic-page/website-policy?lang=en,basic-page,website-policy,https://www.pmc.gov.in/en/b/website-policy,Found,,191,,
https://webadmin.pmc.gov.in/api/basic-page/amrit-mahotsav-competition-winning-logo?lang=en,basic-page,amrit-mahotsav-competition-winning-logo,https://www.pmc.gov.in/en/b/amrit-mahotsav-competition-winning-logo,Found,,191,,
https://webadmin.pmc.gov.in/api/basic-page/about-pune-municipal-corporation?lang=en,basic-page,about-pune-municipal-corporation,https://www.pmc.gov.in/en/b/about-pune-municipal-corporation,Found,,191,,
https://webadmin.pmc.gov.in/api/basic-page/sre-officers?lang=en,basic-page,sre-officers,https://www.pmc.gov.in/en/b/sre-officers,Found,,191,,
https://webadmin.pmc.gov.in/api/basic-page/emergency-contact-numbers?lang=en,basic-page,emergency-contact-numbers,https://www.pmc.gov.in/en/b/emergency-contact-numbers,Found,,191,,
https://webadmin.pmc.gov.in/api/basic-page/garden-rules?lang=en,basic-page,garden-rules,https://www.pmc.gov.in/en/b/garden-rules,Found,,191,,
https://webadmin.pmc.gov.in/api/basic-page/required-documents-permission?lang=en,basic-page,required-documents-permission,https://www.pmc.gov.in/en/b/required-documents-permission,Found,,191,,
https://webadmin.pmc.gov.in/api/basic-page/43rd-fruits-flowers-and-vegetable-exhibition-pune-municipal-corporation-0?lang=en,basic-page,43rd-fruits-flowers-and-vegetable-exhibition-pune-municipal-corporation-0,https://www.pmc.gov.in/en/b/43rd-fruits-flowers-and-vegetable-exhibition-pune-municipal-corporation-0,Found,,191,,
https://webadmin.pmc.gov.in/api/basic-page/pune-municipal-corporations-75th-anniversary-online-logo-design-competition-0?lang=en,basic-page,pune-municipal-corporations-75th-anniversary-online-logo-design-competition-0,https://www.pmc.gov.in/en/b/pune-municipal-corporations-75th-anniversary-online-logo-design-competition-0,Found,,191,,
https://webadmin.pmc.gov.in/api/basic-page/fines-and-charges-details?lang=en,basic-page,fines-and-charges-details,https://www.pmc.gov.in/en/b/fines-and-charges-details,Found,,191,,
https://webadmin.pmc.gov.in/api/basic-page/safe-walking-plans?lang=en,basic-page,safe-walking-plans,https://www.pmc.gov.in/en/b/safe-walking-plans,Found,,191,,
https://webadmin.pmc.gov.in/api/basic-page/school-list?lang=en,basic-page,school-list,https://www.pmc.gov.in/en/b/school-list,Found,,191,,
https://webadmin.pmc.gov.in/api/basic-page/project-activities?lang=en,basic-page,project-activities,https://www.pmc.gov.in/en/b/project-activities,Found,,191,,
https://webadmin.pmc.gov.in/api/basic-page/current-status?lang=en,basic-page,current-status,https://www.pmc.gov.in/en/b/current-status,Found,,191,,
https://webadmin.pmc.gov.in/api/basic-page/road-development-and-maintenance?lang=en,basic-page,road-development-and-maintenance,https://www.pmc.gov.in/en/b/road-development-and-maintenance,Found,,191,,
https://webadmin.pmc.gov.in/api/basic-page/acts-and-regulations?lang=en,basic-page,acts-and-regulations,https://www.pmc.gov.in/en/b/acts-and-regulations,Found,,191,,
https://webadmin.pmc.gov.in/api/basic-page/awards-accountant?lang=en,basic-page,awards-accountant,https://www.pmc.gov.in/en/b/awards-accountant,Found,,191,,
https://webadmin.pmc.gov.in/api/basic-page/bharat-ratna-dr-babasaheb-ambedkar-student-hostel?lang=en,basic-page,bharat-ratna-dr-babasaheb-ambedkar-student-hostel,https://www.pmc.gov.in/en/b/bharat-ratna-dr-babasaheb-ambedkar-student-hostel,Found,,191,,
https://webadmin.pmc.gov.in/api/basic-page/ambulance?lang=en,basic-page,ambulance,https://www.pmc.gov.in/en/b/ambulance,Found,,191,,
https://webadmin.pmc.gov.in/api/basic-page/vehicles-solid-waste-management?lang=en,basic-page,vehicles-solid-waste-management,https://www.pmc.gov.in/en/b/vehicles-solid-waste-management,Found,,191,,
https://webadmin.pmc.gov.in/api/basic-page/pune-city-page?lang=en,basic-page,pune-city-page,https://www.pmc.gov.in/en/b/pune-city-page,Found,,191,,
https://webadmin.pmc.gov.in/api/basic-page/heritage-management-departments-operations?lang=en,basic-page,heritage-management-departments-operations,https://www.pmc.gov.in/en/b/heritage-management-departments-operations,Found,,191,,
https://webadmin.pmc.gov.in/api/basic-page/blood-bank?lang=en,basic-page,blood-bank,https://www.pmc.gov.in/en/b/blood-bank,Found,,191,,
https://webadmin.pmc.gov.in/api/basic-page/hoarding-rules?lang=en,basic-page,hoarding-rules,https://www.pmc.gov.in/en/b/hoarding-rules,Found,,191,,
https://webadmin.pmc.gov.in/api/basic-page/drainage-vehicles?lang=en,basic-page,drainage-vehicles,https://www.pmc.gov.in/en/b/drainage-vehicles,Found,,191,,
https://webadmin.pmc.gov.in/api/basic-page/roles-and-responsibility?lang=en,basic-page,roles-and-responsibility,https://www.pmc.gov.in/en/b/roles-and-responsibility,Found,,191,,
https://webadmin.pmc.gov.in/api/basic-page/terms-and-conditions?lang=en,basic-page,terms-and-conditions,https://www.pmc.gov.in/en/b/terms-and-conditions,Found,,191,,
https://webadmin.pmc.gov.in/api/basic-page/merged-23-villages-3062021?lang=en,basic-page,merged-23-villages-3062021,https://www.pmc.gov.in/en/b/merged-23-villages-3062021,Found,,191,,
https://webadmin.pmc.gov.in/api/basic-page/theater-renovation?lang=en,basic-page,theater-renovation,https://www.pmc.gov.in/en/b/theater-renovation,Found,,191,,
https://webadmin.pmc.gov.in/api/basic-page/fire-safety-audit-laws-and-regulations?lang=en,basic-page,fire-safety-audit-laws-and-regulations,https://www.pmc.gov.in/en/b/fire-safety-audit-laws-and-regulations,Found,,191,,
https://webadmin.pmc.gov.in/api/basic-page/pre-conception-and-pre-natal-diagnostic-techniques?lang=en,basic-page,pre-conception-and-pre-natal-diagnostic-techniques,https://www.pmc.gov.in/en/b/pre-conception-and-pre-natal-diagnostic-techniques,Found,,191,,
https://webadmin.pmc.gov.in/api/basic-page/tuberculosis-department-0?lang=en,basic-page,tuberculosis-department-0,https://www.pmc.gov.in/en/b/tuberculosis-department-0,Found,,191,,
https://webadmin.pmc.gov.in/api/basic-page/health-department-sub?lang=en,basic-page,health-department-sub,https://www.pmc.gov.in/en/b/health-department-sub,Found,,191,,
https://webadmin.pmc.gov.in/api/basic-page/veterinary-department-0?lang=en,basic-page,veterinary-department-0,https://www.pmc.gov.in/en/b/veterinary-department-0,Found,,191,,
https://webadmin.pmc.gov.in/api/basic-page/vector-borne-disease-control-0?lang=en,basic-page,vector-borne-disease-control-0,https://www.pmc.gov.in/en/b/vector-borne-disease-control-0,Found,,191,,
https://webadmin.pmc.gov.in/api/basic-page/pre-conception-and-pre-natal-diagnostic-techniques?lang=en,basic-page,pre-conception-and-pre-natal-diagnostic-techniques,https://www.pmc.gov.in/en/b/pre-conception-and-pre-natal-diagnostic-techniques,Found,,191,,
https://webadmin.pmc.gov.in/api/basic-page/secondary-and-technical-education-school-list?lang=en,basic-page,secondary-and-technical-education-school-list,https://www.pmc.gov.in/en/b/secondary-and-technical-education-school-list,Found,,191,,
https://webadmin.pmc.gov.in/api/basic-page/precaution-and-guidelines?lang=en,basic-page,precaution-and-guidelines,https://www.pmc.gov.in/en/b/precaution-and-guidelines,Found,,191,,
https://webadmin.pmc.gov.in/api/basic-page/veterinary-department-0?lang=en,basic-page,veterinary-department-0,https://www.pmc.gov.in/en/b/veterinary-department-0,Found,,191,,
https://webadmin.pmc.gov.in/api/basic-page/vector-borne-disease-control-0?lang=en,basic-page,vector-borne-disease-control-0,https://www.pmc.gov.in/en/b/vector-borne-disease-control-0,Found,,191,,
https://webadmin.pmc.gov.in/api/basic-page/pmc-open-data?lang=en,basic-page,pmc-open-data,https://www.pmc.gov.in/en/b/pmc-open-data,Found,,191,,
https://webadmin.pmc.gov.in/api/basic-page/tuberculosis-department-0?lang=en,basic-page,tuberculosis-department-0,https://www.pmc.gov.in/en/b/tuberculosis-department-0,Found,,191,,
https://webadmin.pmc.gov.in/api/basic-page/information-about-rang-yatra-app?lang=en,basic-page,information-about-rang-yatra-app,https://www.pmc.gov.in/en/b/information-about-rang-yatra-app,Found,,191,,
https://webadmin.pmc.gov.in/api/basic-page/tp-scheme?lang=en,basic-page,tp-scheme,https://www.pmc.gov.in/en/b/tp-scheme,Found,,191,,
https://webadmin.pmc.gov.in/api/basic-page/100-resilient-cities-100rc?lang=en,basic-page,100-resilient-cities-100rc,https://www.pmc.gov.in/en/b/100-resilient-cities-100rc,Found,,191,,
https://webadmin.pmc.gov.in/api/basic-page/pune-attractions?lang=en,basic-page,pune-attractions,https://www.pmc.gov.in/en/b/pune-attractions,Found,,191,,
https://webadmin.pmc.gov.in/api/basic-page/census-awards?lang=en,basic-page,census-awards,https://www.pmc.gov.in/en/b/census-awards,Found,,191,,
https://webadmin.pmc.gov.in/api/basic-page/drainage-connection?lang=en,basic-page,drainage-connection,https://www.pmc.gov.in/en/b/drainage-connection,Found,,191,,
https://webadmin.pmc.gov.in/api/basic-page/public-parking-policy-2016?lang=en,basic-page,public-parking-policy-2016,https://www.pmc.gov.in/en/b/public-parking-policy-2016,Found,,191,,
https://webadmin.pmc.gov.in/api/basic-page/pmc-operational-parkings?lang=en,basic-page,pmc-operational-parkings,https://www.pmc.gov.in/en/b/pmc-operational-parkings,Found,,191,,
https://webadmin.pmc.gov.in/api/basic-page/all-garden-list?lang=en,basic-page,all-garden-list,https://www.pmc.gov.in/en/b/all-garden-list,Found,,191,,
https://webadmin.pmc.gov.in/api/basic-page/public-transportation?lang=en,basic-page,public-transportation,https://www.pmc.gov.in/en/b/public-transportation,Found,,191,,
https://webadmin.pmc.gov.in/api/basic-page/eco-friendly-crematoriums?lang=en,basic-page,eco-friendly-crematoriums,https://www.pmc.gov.in/en/b/eco-friendly-crematoriums,Found,,191,,
https://webadmin.pmc.gov.in/api/basic-page/tree-protection-acts-rules-legal-notifications?lang=en,basic-page,tree-protection-acts-rules-legal-notifications,https://www.pmc.gov.in/en/b/tree-protection-acts-rules-legal-notifications,Found,,191,,
https://webadmin.pmc.gov.in/api/basic-page/slum-eradication-and-rehabilitation-department?lang=en,basic-page,slum-eradication-and-rehabilitation-department,https://www.pmc.gov.in/en/b/slum-eradication-and-rehabilitation-department,Found,,191,,
https://webadmin.pmc.gov.in/api/basic-page/list-agencies-providing-options-source-processing-waste?lang=en,basic-page,list-agencies-providing-options-source-processing-waste,https://www.pmc.gov.in/en/b/list-agencies-providing-options-source-processing-waste,Found,,191,,
https://webadmin.pmc.gov.in/api/basic-page/key-initiatives-drainage-mechanization?lang=en,basic-page,key-initiatives-drainage-mechanization,https://www.pmc.gov.in/en/b/key-initiatives-drainage-mechanization,Found,,191,,
https://webadmin.pmc.gov.in/api/basic-page/pmc-care-0?lang=en,basic-page,pmc-care-0,https://www.pmc.gov.in/en/b/pmc-care-0,Found,,191,,
https://webadmin.pmc.gov.in/api/basic-page/financial-statement?lang=en,basic-page,financial-statement,https://www.pmc.gov.in/en/b/financial-statement,Found,,191,,
https://webadmin.pmc.gov.in/api/basic-page/old-pmc-limit?lang=en,basic-page,old-pmc-limit,https://www.pmc.gov.in/en/b/old-pmc-limit,Found,,191,,
https://webadmin.pmc.gov.in/api/basic-page/preservation-conservation-and-ongoing-projects?lang=en,basic-page,preservation-conservation-and-ongoing-projects,https://www.pmc.gov.in/en/b/preservation-conservation-and-ongoing-projects,Found,,191,,
https://webadmin.pmc.gov.in/api/basic-page/essential-Details-for-Key-Citizen-Services?lang=en,basic-page,essential-Details-for-Key-Citizen-Services,https://www.pmc.gov.in/en/b/essential-Details-for-Key-Citizen-Services,Found,,191,,
https://webadmin.pmc.gov.in/api/basic-page/grade-lists?lang=en,basic-page,grade-lists,https://www.pmc.gov.in/en/b/grade-lists,Found,,191,,
https://webadmin.pmc.gov.in/api/basic-page/heritage-yatra-competitions?lang=en,basic-page,heritage-yatra-competitions,https://www.pmc.gov.in/en/b/heritage-yatra-competitions,Found,,191,,
https://webadmin.pmc.gov.in/api/basic-page/women-empowerment-centres?lang=en,basic-page,women-empowerment-centres,https://www.pmc.gov.in/en/b/women-empowerment-centres,Found,,191,,
https://webadmin.pmc.gov.in/api/basic-page/water-distribution?lang=en,basic-page,water-distribution,https://www.pmc.gov.in/en/b/water-distribution,Found,,191,,
https://webadmin.pmc.gov.in/api/basic-page/model-schools?lang=en,basic-page,model-schools,https://www.pmc.gov.in/en/b/model-schools,Found,,191,,
https://webadmin.pmc.gov.in/api/basic-page/tdr-generation-old?lang=en,basic-page,tdr-generation-old,https://www.pmc.gov.in/en/b/tdr-generation-old,Found,,191,,
https://webadmin.pmc.gov.in/api/basic-page/water-purification-plants?lang=en,basic-page,water-purification-plants,https://www.pmc.gov.in/en/b/water-purification-plants,Found,,191,,
https://webadmin.pmc.gov.in/api/basic-page/tree-authority-officers?lang=en,basic-page,tree-authority-officers,https://www.pmc.gov.in/en/b/tree-authority-officers,Found,,191,,
https://webadmin.pmc.gov.in/api/basic-page/road_map?lang=en,basic-page,road_map,https://www.pmc.gov.in/en/b/road_map,Found,,191,,
https://webadmin.pmc.gov.in/api/basic-page/e-office?lang=en,basic-page,e-office,https://www.pmc.gov.in/en/b/e-office,Found,,191,,
https://webadmin.pmc.gov.in/api/basic-page/local-body-tax-sub-sections?lang=en,basic-page,local-body-tax-sub-sections,https://www.pmc.gov.in/en/b/local-body-tax-sub-sections,Found,,191,,
https://webadmin.pmc.gov.in/api/basic-page/license-inspector?lang=en,basic-page,license-inspector,https://www.pmc.gov.in/en/b/license-inspector,Found,,191,,
https://webadmin.pmc.gov.in/api/basic-page/other-dp-plan?lang=en,basic-page,other-dp-plan,https://www.pmc.gov.in/en/b/other-dp-plan,Found,,191,,
https://webadmin.pmc.gov.in/api/basic-page/precaution-and-guidelines?lang=en,basic-page,precaution-and-guidelines,https://www.pmc.gov.in/en/b/precaution-and-guidelines,Found,,191,,
https://webadmin.pmc.gov.in/api/basic-page/current-status-dams-pune-region-2025?lang=en,basic-page,current-status-dams-pune-region-2025,https://www.pmc.gov.in/en/b/current-status-dams-pune-region-2025,Found,,191,,
https://webadmin.pmc.gov.in/api/basic-page/100-day-action-plan?lang=en,basic-page,100-day-action-plan,https://www.pmc.gov.in/en/b/100-day-action-plan,Found,,191,,
https://webadmin.pmc.gov.in/api/basic-page/csr?lang=en,basic-page,csr,https://www.pmc.gov.in/en/b/csr,Found,,197,,
https://webadmin.pmc.gov.in/api/basic-page/pune-darshan-ac-bus?lang=en,basic-page,pune-darshan-ac-bus,https://www.pmc.gov.in/en/b/pune-darshan-ac-bus,Found,,191,,
https://webadmin.pmc.gov.in/api/basic-page/organizational-structure?lang=en,basic-page,organizational-structure,https://www.pmc.gov.in/en/b/organizational-structure,Found,,191,,
https://webadmin.pmc.gov.in/api/basic-page/RGAe-L?lang=en,basic-page,RGAe-L,https://www.pmc.gov.in/en/b/RGAe-L,Found,,191,,
https://webadmin.pmc.gov.in/api/basic-page/covid-19?lang=en,basic-page,covid-19,https://www.pmc.gov.in/en/b/covid-19,Found,,191,,
https://webadmin.pmc.gov.in/api/basic-page/merged-23-villages-11-09-1997?lang=en,basic-page,merged-23-villages-11-09-1997,https://www.pmc.gov.in/en/b/merged-23-villages-11-09-1997,Found,,191,,
https://webadmin.pmc.gov.in/api/basic-page/tree-dockets?lang=en,basic-page,tree-dockets,https://www.pmc.gov.in/en/b/tree-dockets,Found,,191,,
https://webadmin.pmc.gov.in/api/basic-page/swachh-survekshan-2025-deep-cleaning-drive?lang=en,basic-page,swachh-survekshan-2025-deep-cleaning-drive,https://www.pmc.gov.in/en/b/swachh-survekshan-2025-deep-cleaning-drive,Found,,191,,
https://webadmin.pmc.gov.in/api/basic-page/educational-schemes?lang=en,basic-page,educational-schemes,https://www.pmc.gov.in/en/b/educational-schemes,Found,,191,,
https://webadmin.pmc.gov.in/api/basic-page/modifications-in-dp?lang=en,basic-page,modifications-in-dp,https://www.pmc.gov.in/en/b/modifications-in-dp,Found,,191,,
https://webadmin.pmc.gov.in/api/basic-page/panddharichi-wari?lang=en,basic-page,panddharichi-wari,https://www.pmc.gov.in/en/b/panddharichi-wari,Found,,191,,
https://webadmin.pmc.gov.in/api/basic-page/investor-relations?lang=en,basic-page,investor-relations,https://www.pmc.gov.in/en/b/investor-relations,Found,,191,,
https://webadmin.pmc.gov.in/api/basic-page/maharashtra-right-service-act?lang=en,basic-page,maharashtra-right-service-act,https://www.pmc.gov.in/en/b/maharashtra-right-service-act,Found,,191,,
https://webadmin.pmc.gov.in/api/basic-page/dp-plan?lang=en,basic-page,dp-plan,https://www.pmc.gov.in/en/b/dp-plan,Found,,191,,
https://webadmin.pmc.gov.in/api/listing-api/press_note?&page_no=1&limit=10000&sort_by=undefined&status=undefined&lang=en&vocabulary=department,listing-api,department,https://www.pmc.gov.in/en/b/department,Found,,191,,
https://webadmin.pmc.gov.in/api/listing-api/page?&page_no=1&limit=10000&sort_by=undefined&status=undefined&lang=en&vocabulary=department,listing-api,department,https://www.pmc.gov.in/en/b/department,Found,,191,,
https://webadmin.pmc.gov.in/api/listing-api/projects_initiatives?&page_no=1&limit=10000&sort_by=undefined&status=undefined&lang=en&vocabulary=department,listing-api,department,https://www.pmc.gov.in/en/b/department,Found,,191,,
https://webadmin.pmc.gov.in/api/listing-api/press_note?&page_no=1&limit=10000&sort_by=undefined&status=undefined&lang=en&vocabulary=department,listing-api,department,https://www.pmc.gov.in/en/b/department,Found,,191,,
https://webadmin.pmc.gov.in/api/project-initiative-detail-page/bhama-ashked-project?lang=en,project-initiative-detail-page,bhama-ashked-project,https://www.pmc.gov.in/en/b/bhama-ashked-project,Found,,191,,
https://webadmin.pmc.gov.in/api/project-initiative-detail-page/bharat-ratna-atal-bihari-vajpayee-medical-college-hospital-hostel-sangamwadi?lang=en,project-initiative-detail-page,bharat-ratna-atal-bihari-vajpayee-medical-college-hospital-hostel-sangamwadi,https://www.pmc.gov.in/en/b/bharat-ratna-atal-bihari-vajpayee-medical-college-hospital-hostel-sangamwadi,Found,,191,,
https://webadmin.pmc.gov.in/api/project-initiative-detail-page/bharat-ratna-dr-p-j-abdul-kalam-e-learning-school-karvenagar?lang=en,project-initiative-detail-page,bharat-ratna-dr-p-j-abdul-kalam-e-learning-school-karvenagar,https://www.pmc.gov.in/en/b/bharat-ratna-dr-p-j-abdul-kalam-e-learning-school-karvenagar,Found,,191,,
https://webadmin.pmc.gov.in/api/project-initiative-detail-page/central-fire-station-lohia-nagar-bhavani-peth?lang=en,project-initiative-detail-page,central-fire-station-lohia-nagar-bhavani-peth,https://www.pmc.gov.in/en/b/central-fire-station-lohia-nagar-bhavani-peth,Found,,191,,
https://webadmin.pmc.gov.in/api/project-initiative-detail-page/central-fire-station-lohia-nagar-bhavani-peth?lang=en,project-initiative-detail-page,central-fire-station-lohia-nagar-bhavani-peth,https://www.pmc.gov.in/en/b/central-fire-station-lohia-nagar-bhavani-peth,Found,,191,,
https://webadmin.pmc.gov.in/api/project-initiative-detail-page/city-library-building-ghole-road?lang=en,project-initiative-detail-page,city-library-building-ghole-road,https://www.pmc.gov.in/en/b/city-library-building-ghole-road,Found,,191,,
https://webadmin.pmc.gov.in/api/project-initiative-detail-page/deendayal-upadhyay-e-learning-school-bibwewadi?lang=en,project-initiative-detail-page,deendayal-upadhyay-e-learning-school-bibwewadi,https://www.pmc.gov.in/en/b/deendayal-upadhyay-e-learning-school-bibwewadi,Found,,191,,
https://webadmin.pmc.gov.in/api/project-initiative-detail-page/dhanakwadi-sports-ground-and-sports-complex?lang=en,project-initiative-detail-page,dhanakwadi-sports-ground-and-sports-complex,https://www.pmc.gov.in/en/b/dhanakwadi-sports-ground-and-sports-complex,Found,,191,,
https://webadmin.pmc.gov.in/api/project-initiative-detail-page/disaster-management-cell-pune-municipal-corporation-main-building?lang=en,project-initiative-detail-page,disaster-management-cell-pune-municipal-corporation-main-building,https://www.pmc.gov.in/en/b/disaster-management-cell-pune-municipal-corporation-main-building,Found,,191,,
https://webadmin.pmc.gov.in/api/project-initiative-detail-page/dugad-hospital-bibwewadi?lang=en,project-initiative-detail-page,dugad-hospital-bibwewadi,https://www.pmc.gov.in/en/b/dugad-hospital-bibwewadi,Found,,191,,
https://webadmin.pmc.gov.in/api/project-initiative-detail-page/eco-friendly-crematorium?lang=en,project-initiative-detail-page,eco-friendly-crematorium,https://www.pmc.gov.in/en/b/eco-friendly-crematorium,Found,,191,,
https://webadmin.pmc.gov.in/api/project-initiative-detail-page/e-learning-school-s-no-22-kharadi?lang=en,project-initiative-detail-page,e-learning-school-s-no-22-kharadi,https://www.pmc.gov.in/en/b/e-learning-school-s-no-22-kharadi,Found,,191,,
https://webadmin.pmc.gov.in/api/project-initiative-detail-page/dhanakwadi-sports-ground-and-sports-complex?lang=en,project-initiative-detail-page,dhanakwadi-sports-ground-and-sports-complex,https://www.pmc.gov.in/en/b/dhanakwadi-sports-ground-and-sports-complex,Found,,191,,
https://webadmin.pmc.gov.in/api/project-initiative-detail-page/disaster-management-cell-pune-municipal-corporation-main-building?lang=en,project-initiative-detail-page,disaster-management-cell-pune-municipal-corporation-main-building,https://www.pmc.gov.in/en/b/disaster-management-cell-pune-municipal-corporation-main-building,Found,,191,,
https://webadmin.pmc.gov.in/api/project-initiative-detail-page/water-purification-parvati?lang=en,project-initiative-detail-page,water-purification-parvati,https://www.pmc.gov.in/en/b/water-purification-parvati,Found,,191,,
https://webadmin.pmc.gov.in/api/project-initiative-detail-page/widening-tarkareshwar-bridge-and-development-t-junction-yerwada?lang=en,project-initiative-detail-page,widening-tarkareshwar-bridge-and-development-t-junction-yerwada,https://www.pmc.gov.in/en/b/widening-tarkareshwar-bridge-and-development-t-junction-yerwada,Found,,191,,
https://webadmin.pmc.gov.in/api/project-initiative-detail-page/proposed-memorial-building-krantijyoti-savitribai-phules-first-girls-school-india-bhide-wada?lang=en,project-initiative-detail-page,proposed-memorial-building-krantijyoti-savitribai-phules-first-girls-school-india-bhide-wada,https://www.pmc.gov.in/en/b/proposed-memorial-building-krantijyoti-savitribai-phules-first-girls-school-india-bhide-wada,Found,,191,,
https://webadmin.pmc.gov.in/api/listing-api/recruitment?&page_no=1&limit=20&sort_by=undefined&status=&lang=en&vocabulary=department,listing-api,department,https://www.pmc.gov.in/en/b/department,Found,,191,,
https://webadmin.pmc.gov.in/api/listing-api/reports_and_dpr?&page_no=1&limit=200&sort_by=&status=&lang=en&vocabulary=department,listing-api,department,https://www.pmc.gov.in/en/b/department,Found,,191,,
https://webadmin.pmc.gov.in/api/listing-api/pmc_officer?&page_no=undefined&limit=1&sort_by=undefined&status=undefined&lang=en,listing-api,listing-api,,No working frontend URL found,,,,
https://webadmin.pmc.gov.in/api/listing-api/projects_initiatives?&page_no=1&limit=10000&sort_by=undefined&status=undefined&lang=en&vocabulary=department,listing-api,department,https://www.pmc.gov.in/en/b/department,Found,,191,,
https://webadmin.pmc.gov.in/api/listing-api/circular?&page_no=1&limit=300&sort_by=undefined&status=&lang=en&vocabulary=department,listing-api,department,https://www.pmc.gov.in/en/b/department,Found,,191,,
https://webadmin.pmc.gov.in/api/listing-api/authorised_hoardings?&page_no=1&limit=15&sort_by=&status=&lang=en,listing-api,listing-api,,No working frontend URL found,,,,
https://webadmin.pmc.gov.in/api/listing-api/awards_recognition?&page_no=1&limit=8&sort_by=&status=&lang=en,listing-api,listing-api,,No working frontend URL found,,,,
https://webadmin.pmc.gov.in/api/listing-api/citizen_charter?&page_no=1&limit=50&sort_by=&status=&lang=en&vocabulary=department,listing-api,department,https://www.pmc.gov.in/en/b/department,Found,,191,,
https://webadmin.pmc.gov.in/api/listing-api/committee_decisions?&page_no=1&limit=100&sort_by=&status=&lang=en&vocabulary=name_of_the_committee,listing-api,name_of_the_committee,,No working frontend URL found,,,,
https://webadmin.pmc.gov.in/api/listing-api/crematoriums?&page_no=1&limit=100&sort_by=&status=&lang=en&vocabulary=ward,listing-api,ward,,No working frontend URL found,,,,
https://webadmin.pmc.gov.in/api/listing-api/fire_brigade_stations?&page_no=1&limit=50&sort_by=&status=&lang=en,listing-api,listing-api,,No working frontend URL found,,,,
https://webadmin.pmc.gov.in/api/garden-detail-page/pune-okayama-japanese-style-friendship-garden?lang=en,garden-detail-page,pune-okayama-japanese-style-friendship-garden,https://www.pmc.gov.in/en/b/pune-okayama-japanese-style-friendship-garden,Found,,191,,
https://webadmin.pmc.gov.in/api/garden-detail-page/saras-baug?lang=en,garden-detail-page,saras-baug,https://www.pmc.gov.in/en/b/saras-baug,Found,,191,,
https://webadmin.pmc.gov.in/api/garden-detail-page/peshwe-engery-adventure-park?lang=en,garden-detail-page,peshwe-engery-adventure-park,https://www.pmc.gov.in/en/b/peshwe-engery-adventure-park,Found,,191,,
https://webadmin.pmc.gov.in/api/garden-detail-page/chhatrapati-sambhaji-park?lang=en,garden-detail-page,chhatrapati-sambhaji-park,https://www.pmc.gov.in/en/b/chhatrapati-sambhaji-park,Found,,191,,
https://webadmin.pmc.gov.in/api/garden-detail-page/late-yashwantrao-chavan-garden-seven-wonder-theme-park?lang=en,garden-detail-page,late-yashwantrao-chavan-garden-seven-wonder-theme-park,https://www.pmc.gov.in/en/b/late-yashwantrao-chavan-garden-seven-wonder-theme-park,Found,,191,,
https://webadmin.pmc.gov.in/api/garden-detail-page/kamala-nehru-park-garden?lang=en,garden-detail-page,kamala-nehru-park-garden,https://www.pmc.gov.in/en/b/kamala-nehru-park-garden,Found,,191,,
https://webadmin.pmc.gov.in/api/garden-detail-page/lumbini-garden?lang=en,garden-detail-page,lumbini-garden,https://www.pmc.gov.in/en/b/lumbini-garden,Found,,191,,
https://webadmin.pmc.gov.in/api/garden-detail-page/senior-citizens-nana-nani-park?lang=en,garden-detail-page,senior-citizens-nana-nani-park,https://www.pmc.gov.in/en/b/senior-citizens-nana-nani-park,Found,,191,,
https://webadmin.pmc.gov.in/api/garden-detail-page/late-sanjay-mahadeo-nimhan-gram-sanskruti-garden?lang=en,garden-detail-page,late-sanjay-mahadeo-nimhan-gram-sanskruti-garden,https://www.pmc.gov.in/en/b/late-sanjay-mahadeo-nimhan-gram-sanskruti-garden,Found,,191,,
https://webadmin.pmc.gov.in/api/garden-detail-page/rajmata-jijau-garden-0?lang=en,garden-detail-page,rajmata-jijau-garden-0,https://www.pmc.gov.in/en/b/rajmata-jijau-garden-0,Found,,191,,
https://webadmin.pmc.gov.in/api/garden-detail-page/martyrs-memorial-garden?lang=en,garden-detail-page,martyrs-memorial-garden,https://www.pmc.gov.in/en/b/martyrs-memorial-garden,Found,,191,,
https://webadmin.pmc.gov.in/api/garden-detail-page/shaheed-major-pradeep-tathawade-garden-0?lang=en,garden-detail-page,shaheed-major-pradeep-tathawade-garden-0,https://www.pmc.gov.in/en/b/shaheed-major-pradeep-tathawade-garden-0,Found,,191,,
https://webadmin.pmc.gov.in/api/garden-detail-page/mughal-garden?lang=en,garden-detail-page,mughal-garden,https://www.pmc.gov.in/en/b/mughal-garden,Found,,191,,
https://webadmin.pmc.gov.in/api/garden-detail-page/raje-chhatrapati-shivaji-maharaj-garden?lang=en,garden-detail-page,raje-chhatrapati-shivaji-maharaj-garden,https://www.pmc.gov.in/en/b/raje-chhatrapati-shivaji-maharaj-garden,Found,,191,,
https://webadmin.pmc.gov.in/api/garden-detail-page/matoshree-ramai-bhimrao-ambedkar-garden?lang=en,garden-detail-page,matoshree-ramai-bhimrao-ambedkar-garden,https://www.pmc.gov.in/en/b/matoshree-ramai-bhimrao-ambedkar-garden,Found,,191,,
https://webadmin.pmc.gov.in/api/garden-detail-page/hirvai-garden?lang=en,garden-detail-page,hirvai-garden,https://www.pmc.gov.in/en/b/hirvai-garden,Found,,191,,
https://webadmin.pmc.gov.in/api/garden-detail-page/chhatrapati-shahu-maharaj-bird-sanctuary-0?lang=en,garden-detail-page,chhatrapati-shahu-maharaj-bird-sanctuary-0,https://www.pmc.gov.in/en/b/chhatrapati-shahu-maharaj-bird-sanctuary-0,Found,,191,,
https://webadmin.pmc.gov.in/api/garden-detail-page/chittaranjan-vatika-garden?lang=en,garden-detail-page,chittaranjan-vatika-garden,https://www.pmc.gov.in/en/b/chittaranjan-vatika-garden,Found,,191,,
https://webadmin.pmc.gov.in/api/garden-detail-page/late-jayantrao-tilak-rose-garden?lang=en,garden-detail-page,late-jayantrao-tilak-rose-garden,https://www.pmc.gov.in/en/b/late-jayantrao-tilak-rose-garden,Found,,191,,
https://webadmin.pmc.gov.in/api/garden-detail-page/late-gangubai-dhumal-balodyan-0?lang=en,garden-detail-page,late-gangubai-dhumal-balodyan-0,https://www.pmc.gov.in/en/b/late-gangubai-dhumal-balodyan-0,Found,,191,,
https://webadmin.pmc.gov.in/api/garden-detail-page/lakaki-lake?lang=en,garden-detail-page,lakaki-lake,https://www.pmc.gov.in/en/b/lakaki-lake,Found,,191,,
https://webadmin.pmc.gov.in/api/garden-detail-page/late-mayor-bharatji-sawantpam-garden?lang=en,garden-detail-page,late-mayor-bharatji-sawantpam-garden,https://www.pmc.gov.in/en/b/late-mayor-bharatji-sawantpam-garden,Found,,191,,
https://webadmin.pmc.gov.in/api/garden-detail-page/uddan-bio-diversity-park?lang=en,garden-detail-page,uddan-bio-diversity-park,https://www.pmc.gov.in/en/b/uddan-bio-diversity-park,Found,,191,,
https://webadmin.pmc.gov.in/api/garden-detail-page/gool-poonawala-garden?lang=en,garden-detail-page,gool-poonawala-garden,https://www.pmc.gov.in/en/b/gool-poonawala-garden,Found,,191,,
https://webadmin.pmc.gov.in/api/garden-detail-page/late-kakasaheb-gadgil-garden?lang=en,garden-detail-page,late-kakasaheb-gadgil-garden,https://www.pmc.gov.in/en/b/late-kakasaheb-gadgil-garden,Found,,191,,
https://webadmin.pmc.gov.in/api/basic-page/current-status-dams-pune-region-2025?lang=en,basic-page,current-status-dams-pune-region-2025,https://www.pmc.gov.in/en/b/current-status-dams-pune-region-2025,Found,,191,,
https://webadmin.pmc.gov.in/api/basic-page/budget-2025-2026?lang=en,basic-page,budget-2025-2026,https://www.pmc.gov.in/en/b/budget-2025-2026,Found,,191,,
https://webadmin.pmc.gov.in/api/basic-page/swachh-survekshan-2025-deep-cleaning-drive?lang=en,basic-page,swachh-survekshan-2025-deep-cleaning-drive,https://www.pmc.gov.in/en/b/swachh-survekshan-2025-deep-cleaning-drive,Found,,191,,
https://webadmin.pmc.gov.in/api/basic-page/csr?lang=en,basic-page,csr,https://www.pmc.gov.in/en/b/csr,Found,,197,,
https://webadmin.pmc.gov.in/api/listing-api/mmc_act?&page_no=1&limit=16&sort_by=&status=&lang=en&vocabulary=department,listing-api,department,https://www.pmc.gov.in/en/b/department,Found,,191,,
https://webadmin.pmc.gov.in/api/news-detail-page/pune-shines-swachh-survekshan-2024-rankings?lang=en,news-detail-page,pune-shines-swachh-survekshan-2024-rankings,https://www.pmc.gov.in/en/b/pune-shines-swachh-survekshan-2024-rankings,Found,,191,,
https://webadmin.pmc.gov.in/api/news-detail-page/launch-road-adoption-scheme-held-successfully?lang=en,news-detail-page,launch-road-adoption-scheme-held-successfully,https://www.pmc.gov.in/en/b/launch-road-adoption-scheme-held-successfully,Found,,191,,
https://webadmin.pmc.gov.in/api/news-detail-page/special-workshop-solid-waste-management-department-food-waste-reduction?lang=en,news-detail-page,special-workshop-solid-waste-management-department-food-waste-reduction,https://www.pmc.gov.in/en/b/special-workshop-solid-waste-management-department-food-waste-reduction,Found,,191,,
https://webadmin.pmc.gov.in/api/news-detail-page/deep-clean-drive?lang=en,news-detail-page,deep-clean-drive,https://www.pmc.gov.in/en/b/deep-clean-drive,Found,,191,,
https://webadmin.pmc.gov.in/api/news-detail-page/tree-plantation-festival-and-tree-hospital-van-inauguration-held-pmc?lang=en,news-detail-page,tree-plantation-festival-and-tree-hospital-van-inauguration-held-pmc,https://www.pmc.gov.in/en/b/tree-plantation-festival-and-tree-hospital-van-inauguration-held-pmc,Found,,191,,
https://webadmin.pmc.gov.in/api/news-detail-page/international-biodiversity-day-online-quiz?lang=en,news-detail-page,international-biodiversity-day-online-quiz,https://www.pmc.gov.in/en/b/international-biodiversity-day-online-quiz,Found,,191,,
https://webadmin.pmc.gov.in/api/news-detail-page/reduce-pollution-make-life-beautiful?lang=en,news-detail-page,reduce-pollution-make-life-beautiful,https://www.pmc.gov.in/en/b/reduce-pollution-make-life-beautiful,Found,,191,,
https://webadmin.pmc.gov.in/api/news-detail-page/plastic-free-pune-cleanliness-drive?lang=en,news-detail-page,plastic-free-pune-cleanliness-drive,https://www.pmc.gov.in/en/b/plastic-free-pune-cleanliness-drive,Found,,191,,
https://webadmin.pmc.gov.in/api/news-detail-page/pune-municipal-corporations-e-cart-pilot-initiative-begins?lang=en,news-detail-page,pune-municipal-corporations-e-cart-pilot-initiative-begins,https://www.pmc.gov.in/en/b/pune-municipal-corporations-e-cart-pilot-initiative-begins,Found,,191,,
https://webadmin.pmc.gov.in/api/news-detail-page/heritage-yatra-2025-celebration-punes-cultural-legacy?lang=en,news-detail-page,heritage-yatra-2025-celebration-punes-cultural-legacy,https://www.pmc.gov.in/en/b/heritage-yatra-2025-celebration-punes-cultural-legacy,Found,,191,,
https://webadmin.pmc.gov.in/api/news-detail-page/pmcs-iwms-wins-second-prize-rajiv-gandhi-administrative-mobility-competition-2023-24?lang=en,news-detail-page,pmcs-iwms-wins-second-prize-rajiv-gandhi-administrative-mobility-competition-2023-24,https://www.pmc.gov.in/en/b/pmcs-iwms-wins-second-prize-rajiv-gandhi-administrative-mobility-competition-2023-24,Found,,191,,
https://webadmin.pmc.gov.in/api/news-detail-page/world-tuberculosis-day?lang=en,news-detail-page,world-tuberculosis-day,https://www.pmc.gov.in/en/b/world-tuberculosis-day,Found,,191,,
https://webadmin.pmc.gov.in/api/news-detail-page/vaccination-campaign?lang=en,news-detail-page,vaccination-campaign,https://www.pmc.gov.in/en/b/vaccination-campaign,Found,,191,,
"https://webadmin.pmc.gov.in/api/listing-api/online_services?&page_no=1&limit=1000&sort_by=undefined&status=undefined&lang=en&department=Taxation%20and%20Tax%20Collection%20Department&service_type=resident,business&order=asc",listing-api,listing-api,,No working frontend URL found,,,,
"https://webadmin.pmc.gov.in/api/listing-api/online_services?&page_no=1&limit=1000&sort_by=undefined&status=undefined&lang=en&department=Taxation%20and%20Tax%20Collection%20Department&service_type=resident,business&order=asc",listing-api,listing-api,,No working frontend URL found,,,,
"https://webadmin.pmc.gov.in/api/listing-api/online_services?&page_no=1&limit=1000&sort_by=undefined&status=undefined&lang=en&department=Taxation%20and%20Tax%20Collection%20Department&service_type=resident,business&order=asc",listing-api,listing-api,,No working frontend URL found,,,,
https://webadmin.pmc.gov.in/api/listing-api/garden_docket?&page_no=1&limit=10000&sort_by=undefined&status=undefined&lang=en&vocabulary=department,listing-api,department,https://www.pmc.gov.in/en/b/department,Found,,191,,
https://webadmin.pmc.gov.in/api/listing-api/mmc_act?&page_no=1&limit=100&sort_by=&status=&lang=en&vocabulary=department,listing-api,department,https://www.pmc.gov.in/en/b/department,Found,,191,,
https://webadmin.pmc.gov.in/api/budgets?order=desc&lang=en,budgets,budgets,,No working frontend URL found,,,,
https://webadmin.pmc.gov.in/api/election-page/election-2022?lang=en,election-page,election-2022,https://www.pmc.gov.in/en/b/election-2022,Found,,191,,
https://webadmin.pmc.gov.in/api/listing-api/recruitment?&page_no=1&limit=20&sort_by=undefined&status=&lang=en&vocabulary=department,listing-api,department,https://www.pmc.gov.in/en/b/department,Found,,191,,
https://webadmin.pmc.gov.in/api/listing-api/crematoriums?&page_no=1&limit=12&sort_by=&status=&lang=en&vocabulary=ward,listing-api,ward,,No working frontend URL found,,,,
https://webadmin.pmc.gov.in/api/menu-data/pmc-services-citizen?lang=en,menu-data,pmc-services-citizen,https://www.pmc.gov.in/en/b/pmc-services-citizen,Found,,191,,
https://webadmin.pmc.gov.in/api/basic-page/pmc-garbage-collection?lang=en,basic-page,pmc-garbage-collection,https://www.pmc.gov.in/en/b/pmc-garbage-collection,Found,,191,,
https://webadmin.pmc.gov.in/api/basic-page/garden-waste?lang=en,basic-page,garden-waste,https://www.pmc.gov.in/en/b/garden-waste,Found,,191,,
https://webadmin.pmc.gov.in/api/basic-page/construction-n-demolition-waste?lang=en,basic-page,construction-n-demolition-waste,https://www.pmc.gov.in/en/b/construction-n-demolition-waste,Found,,191,,
https://webadmin.pmc.gov.in/api/theaters-detail-page/bal-gandharva-ranga-mandir?lang=en,theaters-detail-page,bal-gandharva-ranga-mandir,https://www.pmc.gov.in/en/b/bal-gandharva-ranga-mandir,Found,,191,,
https://webadmin.pmc.gov.in/api/theaters-detail-page/lokshahir-annabhau-sathe-smarak?lang=en,theaters-detail-page,lokshahir-annabhau-sathe-smarak,https://www.pmc.gov.in/en/b/lokshahir-annabhau-sathe-smarak,Found,,191,,
https://webadmin.pmc.gov.in/api/theaters-detail-page/yashwantrao-chavan-natyagruha?lang=en,theaters-detail-page,yashwantrao-chavan-natyagruha,https://www.pmc.gov.in/en/b/yashwantrao-chavan-natyagruha,Found,,191,,
https://webadmin.pmc.gov.in/api/theaters-detail-page/ganesh-kala-krida-manch?lang=en,theaters-detail-page,ganesh-kala-krida-manch,https://www.pmc.gov.in/en/b/ganesh-kala-krida-manch,Found,,191,,
https://webadmin.pmc.gov.in/api/theaters-detail-page/mahatma-phule-sanskrutik-bhavan?lang=en,theaters-detail-page,mahatma-phule-sanskrutik-bhavan,https://www.pmc.gov.in/en/b/mahatma-phule-sanskrutik-bhavan,Found,,191,,
https://webadmin.pmc.gov.in/api/theaters-detail-page/maulana-abul-kalam-azad-smarak?lang=en,theaters-detail-page,maulana-abul-kalam-azad-smarak,https://www.pmc.gov.in/en/b/maulana-abul-kalam-azad-smarak,Found,,191,,
https://webadmin.pmc.gov.in/api/theaters-detail-page/pandit-bhimsen-joshi-kaladalan-sahakarnagar?lang=en,theaters-detail-page,pandit-bhimsen-joshi-kaladalan-sahakarnagar,https://www.pmc.gov.in/en/b/pandit-bhimsen-joshi-kaladalan-sahakarnagar,Found,,191,,
https://webadmin.pmc.gov.in/api/theaters-detail-page/dnyanjyoti-savitribai-phule-sanskritik-bhavan?lang=en,theaters-detail-page,dnyanjyoti-savitribai-phule-sanskritik-bhavan,https://www.pmc.gov.in/en/b/dnyanjyoti-savitribai-phule-sanskritik-bhavan,Found,,191,,
https://webadmin.pmc.gov.in/api/theaters-detail-page/hon-hindu-hruday-samrat-balasaheb-thackeray-cartoonist-art-gallery?lang=en,theaters-detail-page,hon-hindu-hruday-samrat-balasaheb-thackeray-cartoonist-art-gallery,https://www.pmc.gov.in/en/b/hon-hindu-hruday-samrat-balasaheb-thackeray-cartoonist-art-gallery,Found,,191,,
https://webadmin.pmc.gov.in/api/theaters-detail-page/sahityasamrat-vijay-tendulkar-natyagruha?lang=en,theaters-detail-page,sahityasamrat-vijay-tendulkar-natyagruha,https://www.pmc.gov.in/en/b/sahityasamrat-vijay-tendulkar-natyagruha,Found,,191,,
https://webadmin.pmc.gov.in/api/theaters-detail-page/dr-babasaheb-ambedkar-sanskrutik-bhavan?lang=en,theaters-detail-page,dr-babasaheb-ambedkar-sanskrutik-bhavan,https://www.pmc.gov.in/en/b/dr-babasaheb-ambedkar-sanskrutik-bhavan,Found,,191,,
https://webadmin.pmc.gov.in/api/theaters-detail-page/pt-jawaharlal-nehru-sanskritik-bhavan-and-art-gallery?lang=en,theaters-detail-page,pt-jawaharlal-nehru-sanskritik-bhavan-and-art-gallery,https://www.pmc.gov.in/en/b/pt-jawaharlal-nehru-sanskritik-bhavan-and-art-gallery,Found,,191,,
https://webadmin.pmc.gov.in/api/theaters-detail-page/sahitya-ratna-lokshahir-annabhau-sathe-cultural-arts-temple-yerawada?lang=en,theaters-detail-page,sahitya-ratna-lokshahir-annabhau-sathe-cultural-arts-temple-yerawada,https://www.pmc.gov.in/en/b/sahitya-ratna-lokshahir-annabhau-sathe-cultural-arts-temple-yerawada,Found,,191,,
https://webadmin.pmc.gov.in/api/theaters-detail-page/vitthal-tupe-patil-auditorium-hadapsar?lang=en,theaters-detail-page,vitthal-tupe-patil-auditorium-hadapsar,https://www.pmc.gov.in/en/b/vitthal-tupe-patil-auditorium-hadapsar,Found,,191,,
https://webadmin.pmc.gov.in/api/theaters-detail-page/pandit-bhimsen-joshi-kaladalan-aundh?lang=en,theaters-detail-page,pandit-bhimsen-joshi-kaladalan-aundh,https://www.pmc.gov.in/en/b/pandit-bhimsen-joshi-kaladalan-aundh,Found,,191,,
https://webadmin.pmc.gov.in/api/basic-page/public-transportation?lang=en,basic-page,public-transportation,https://www.pmc.gov.in/en/b/public-transportation,Found,,191,,
"https://webadmin.pmc.gov.in/api/listing-api/online_services?&page_no=1&limit=1000&sort_by=undefined&status=undefined&lang=en&department=Taxation%20and%20Tax%20Collection%20Department&service_type=resident,business&order=asc",listing-api,listing-api,,No working frontend URL found,,,,
https://webadmin.pmc.gov.in/api/project-initiative-detail-page/100-resilient-cities-100rc-1?lang=en,project-initiative-detail-page,100-resilient-cities-100rc-1,https://www.pmc.gov.in/en/b/100-resilient-cities-100rc-1,Found,,191,,
https://webadmin.pmc.gov.in/api/menu-data/pmc-services-citizen?lang=en,menu-data,pmc-services-citizen,https://www.pmc.gov.in/en/b/pmc-services-citizen,Found,,191,,
https://webadmin.pmc.gov.in/api/project-initiative-detail-page/citizen-services?lang=en,project-initiative-detail-page,citizen-services,https://www.pmc.gov.in/en/b/citizen-services,Found,,191,,
https://webadmin.pmc.gov.in/api/project-initiative-detail-page/communicable-disease-control?lang=en,project-initiative-detail-page,communicable-disease-control,https://www.pmc.gov.in/en/b/communicable-disease-control,Found,,191,,
https://webadmin.pmc.gov.in/api/project-initiative-detail-page/cultural-programs?lang=en,project-initiative-detail-page,cultural-programs,https://www.pmc.gov.in/en/b/cultural-programs,Found,,191,,
https://webadmin.pmc.gov.in/api/project-initiative-detail-page/financial-initiatives-0?lang=en,project-initiative-detail-page,financial-initiatives-0,https://www.pmc.gov.in/en/b/financial-initiatives-0,Found,,191,,
https://webadmin.pmc.gov.in/api/project-initiative-detail-page/fire-brigade-museum?lang=en,project-initiative-detail-page,fire-brigade-museum,https://www.pmc.gov.in/en/b/fire-brigade-museum,Found,,191,,
https://webadmin.pmc.gov.in/api/project-initiative-detail-page/fire-safe-buildings?lang=en,project-initiative-detail-page,fire-safe-buildings,https://www.pmc.gov.in/en/b/fire-safe-buildings,Found,,191,,
https://webadmin.pmc.gov.in/api/project-initiative-detail-page/fire-safe-schools?lang=en,project-initiative-detail-page,fire-safe-schools,https://www.pmc.gov.in/en/b/fire-safe-schools,Found,,191,,
https://webadmin.pmc.gov.in/api/project-initiative-detail-page/fire-safety-adults?lang=en,project-initiative-detail-page,fire-safety-adults,https://www.pmc.gov.in/en/b/fire-safety-adults,Found,,191,,
https://webadmin.pmc.gov.in/api/project-initiative-detail-page/fire-safety-children?lang=en,project-initiative-detail-page,fire-safety-children,https://www.pmc.gov.in/en/b/fire-safety-children,Found,,191,,
https://webadmin.pmc.gov.in/api/project-initiative-detail-page/grant-purchase-sports-material?lang=en,project-initiative-detail-page,grant-purchase-sports-material,https://www.pmc.gov.in/en/b/grant-purchase-sports-material,Found,,191,,
https://webadmin.pmc.gov.in/api/project-initiative-detail-page/handball-stadium?lang=en,project-initiative-detail-page,handball-stadium,https://www.pmc.gov.in/en/b/handball-stadium,Found,,191,,
https://webadmin.pmc.gov.in/api/project-initiative-detail-page/heatstroke-causes-precautions-and-guidelines?lang=en,project-initiative-detail-page,heatstroke-causes-precautions-and-guidelines,https://www.pmc.gov.in/en/b/heatstroke-causes-precautions-and-guidelines,Found,,191,,
https://webadmin.pmc.gov.in/api/project-initiative-detail-page/international-skating-ring-viman-nagar?lang=en,project-initiative-detail-page,international-skating-ring-viman-nagar,https://www.pmc.gov.in/en/b/international-skating-ring-viman-nagar,Found,,191,,
https://webadmin.pmc.gov.in/api/menu-data/pmc-services-citizen?lang=en,menu-data,pmc-services-citizen,https://www.pmc.gov.in/en/b/pmc-services-citizen,Found,,191,,
https://webadmin.pmc.gov.in/api/project-initiative-detail-page/late-baburao-sanas-ground?lang=en,project-initiative-detail-page,late-baburao-sanas-ground,https://www.pmc.gov.in/en/b/late-baburao-sanas-ground,Found,,191,,
https://webadmin.pmc.gov.in/api/project-initiative-detail-page/late-general-arunkumar-vaidya-stadium?lang=en,project-initiative-detail-page,late-general-arunkumar-vaidya-stadium,https://www.pmc.gov.in/en/b/late-general-arunkumar-vaidya-stadium,Found,,191,,
https://webadmin.pmc.gov.in/api/project-initiative-detail-page/late-vustad-balbhim-mokate-swimming-pool-kothrud?lang=en,project-initiative-detail-page,late-vustad-balbhim-mokate-swimming-pool-kothrud,https://www.pmc.gov.in/en/b/late-vustad-balbhim-mokate-swimming-pool-kothrud,Found,,191,,
https://webadmin.pmc.gov.in/api/project-initiative-detail-page/legal-activities-0?lang=en,project-initiative-detail-page,legal-activities-0,https://www.pmc.gov.in/en/b/legal-activities-0,Found,,191,,
https://webadmin.pmc.gov.in/api/project-initiative-detail-page/lpg-safety?lang=en,project-initiative-detail-page,lpg-safety,https://www.pmc.gov.in/en/b/lpg-safety,Found,,191,,
https://webadmin.pmc.gov.in/api/project-initiative-detail-page/mock-drills-and-evacuation?lang=en,project-initiative-detail-page,mock-drills-and-evacuation,https://www.pmc.gov.in/en/b/mock-drills-and-evacuation,Found,,191,,
https://webadmin.pmc.gov.in/api/project-initiative-detail-page/office-administration?lang=en,project-initiative-detail-page,office-administration,https://www.pmc.gov.in/en/b/office-administration,Found,,191,,
https://webadmin.pmc.gov.in/api/project-initiative-detail-page/pmc-care-portal?lang=en,project-initiative-detail-page,pmc-care-portal,https://www.pmc.gov.in/en/b/pmc-care-portal,Found,,191,,
https://webadmin.pmc.gov.in/api/project-initiative-detail-page/rewards-and-recognition-0?lang=en,project-initiative-detail-page,rewards-and-recognition-0,https://www.pmc.gov.in/en/b/rewards-and-recognition-0,Found,,191,,
https://webadmin.pmc.gov.in/api/project-initiative-detail-page/special-events-women-0?lang=en,project-initiative-detail-page,special-events-women-0,https://www.pmc.gov.in/en/b/special-events-women-0,Found,,191,,
https://webadmin.pmc.gov.in/api/project-initiative-detail-page/special-initiatives-students-pune-municipal-corporation-run-secondary-schools?lang=en,project-initiative-detail-page,special-initiatives-students-pune-municipal-corporation-run-secondary-schools,https://www.pmc.gov.in/en/b/special-initiatives-students-pune-municipal-corporation-run-secondary-schools,Found,,191,,
https://webadmin.pmc.gov.in/api/project-initiative-detail-page/swarajyarakshak-chhatrapati-sambhaji-maharaj-sports-complex-karve-nagar?lang=en,project-initiative-detail-page,swarajyarakshak-chhatrapati-sambhaji-maharaj-sports-complex-karve-nagar,https://www.pmc.gov.in/en/b/swarajyarakshak-chhatrapati-sambhaji-maharaj-sports-complex-karve-nagar,Found,,191,,
https://webadmin.pmc.gov.in/api/project-initiative-detail-page/tree-replacement-plantation-initiative?lang=en,project-initiative-detail-page,tree-replacement-plantation-initiative,https://www.pmc.gov.in/en/b/tree-replacement-plantation-initiative,Found,,191,,
https://webadmin.pmc.gov.in/api/project-initiative-detail-page/urban-poor-health-scheme-0?lang=en,project-initiative-detail-page,urban-poor-health-scheme-0,https://www.pmc.gov.in/en/b/urban-poor-health-scheme-0,Found,,191,,
https://webadmin.pmc.gov.in/api/project-initiative-detail-page/womens-gymnasium-baner?lang=en,project-initiative-detail-page,womens-gymnasium-baner,https://www.pmc.gov.in/en/b/womens-gymnasium-baner,Found,,191,,
https://webadmin.pmc.gov.in/api/basic-page/about-pune-municipal-corporation?lang=en,basic-page,about-pune-municipal-corporation,https://www.pmc.gov.in/en/b/about-pune-municipal-corporation,Found,,191,,
https://webadmin.pmc.gov.in/api/project-initiative-detail-page/bhama-ashked-project?lang=en,project-initiative-detail-page,bhama-ashked-project,https://www.pmc.gov.in/en/b/bhama-ashked-project,Found,,191,,
https://webadmin.pmc.gov.in/api/project-initiative-detail-page/bharat-ratna-atal-bihari-vajpayee-medical-college-hospital-hostel-sangamwadi?lang=en,project-initiative-detail-page,bharat-ratna-atal-bihari-vajpayee-medical-college-hospital-hostel-sangamwadi,https://www.pmc.gov.in/en/b/bharat-ratna-atal-bihari-vajpayee-medical-college-hospital-hostel-sangamwadi,Found,,191,,
https://webadmin.pmc.gov.in/api/project-initiative-detail-page/bharat-ratna-dr-p-j-abdul-kalam-e-learning-school-karvenagar?lang=en,project-initiative-detail-page,bharat-ratna-dr-p-j-abdul-kalam-e-learning-school-karvenagar,https://www.pmc.gov.in/en/b/bharat-ratna-dr-p-j-abdul-kalam-e-learning-school-karvenagar,Found,,191,,
https://webadmin.pmc.gov.in/api/project-initiative-detail-page/central-fire-station-lohia-nagar-bhavani-peth?lang=en,project-initiative-detail-page,central-fire-station-lohia-nagar-bhavani-peth,https://www.pmc.gov.in/en/b/central-fire-station-lohia-nagar-bhavani-peth,Found,,191,,
https://webadmin.pmc.gov.in/api/project-initiative-detail-page/city-library-building-ghole-road?lang=en,project-initiative-detail-page,city-library-building-ghole-road,https://www.pmc.gov.in/en/b/city-library-building-ghole-road,Found,,191,,
https://webadmin.pmc.gov.in/api/project-initiative-detail-page/deendayal-upadhyay-e-learning-school-bibwewadi?lang=en,project-initiative-detail-page,deendayal-upadhyay-e-learning-school-bibwewadi,https://www.pmc.gov.in/en/b/deendayal-upadhyay-e-learning-school-bibwewadi,Found,,191,,
https://webadmin.pmc.gov.in/api/project-initiative-detail-page/dhanakwadi-sports-ground-and-sports-complex?lang=en,project-initiative-detail-page,dhanakwadi-sports-ground-and-sports-complex,https://www.pmc.gov.in/en/b/dhanakwadi-sports-ground-and-sports-complex,Found,,191,,
https://webadmin.pmc.gov.in/api/project-initiative-detail-page/disaster-management-cell-pune-municipal-corporation-main-building?lang=en,project-initiative-detail-page,disaster-management-cell-pune-municipal-corporation-main-building,https://www.pmc.gov.in/en/b/disaster-management-cell-pune-municipal-corporation-main-building,Found,,191,,
https://webadmin.pmc.gov.in/api/project-initiative-detail-page/dugad-hospital-bibwewadi?lang=en,project-initiative-detail-page,dugad-hospital-bibwewadi,https://www.pmc.gov.in/en/b/dugad-hospital-bibwewadi,Found,,191,,
https://webadmin.pmc.gov.in/api/project-initiative-detail-page/eco-friendly-crematorium?lang=en,project-initiative-detail-page,eco-friendly-crematorium,https://www.pmc.gov.in/en/b/eco-friendly-crematorium,Found,,191,,
https://webadmin.pmc.gov.in/api/project-initiative-detail-page/e-learning-school-s-no-22-kharadi?lang=en,project-initiative-detail-page,e-learning-school-s-no-22-kharadi,https://www.pmc.gov.in/en/b/e-learning-school-s-no-22-kharadi,Found,,191,,
https://www.pmc.gov.in/_next/data/20VYjpUoXxe0T-efxO9Pl/en/project/electric-vehicle-charging-station.json?dept=chief-engineer-project,unknown,project,,No working frontend URL found,,,,
https://webadmin.pmc.gov.in/api/project-initiative-detail-page/fire-station-kothrud-sno-771?lang=en,project-initiative-detail-page,fire-station-kothrud-sno-771,https://www.pmc.gov.in/en/b/fire-station-kothrud-sno-771,Found,,191,,
https://webadmin.pmc.gov.in/api/project-initiative-detail-page/flyover-and-grade-separator-project-shastrinagar-chowk-yerwada?lang=en,project-initiative-detail-page,flyover-and-grade-separator-project-shastrinagar-chowk-yerwada,https://www.pmc.gov.in/en/b/flyover-and-grade-separator-project-shastrinagar-chowk-yerwada,Found,,191,,
https://webadmin.pmc.gov.in/api/project-initiative-detail-page/flyover-and-grade-separator-project-vishrantwadi-junction?lang=en,project-initiative-detail-page,flyover-and-grade-separator-project-vishrantwadi-junction,https://www.pmc.gov.in/en/b/flyover-and-grade-separator-project-vishrantwadi-junction,Found,,191,,
https://webadmin.pmc.gov.in/api/project-initiative-detail-page/flyover-project-sinhagad-road-rajaram-bridge-fun-time-theatre?lang=en,project-initiative-detail-page,flyover-project-sinhagad-road-rajaram-bridge-fun-time-theatre,https://www.pmc.gov.in/en/b/flyover-project-sinhagad-road-rajaram-bridge-fun-time-theatre,Found,,191,,
https://webadmin.pmc.gov.in/api/project-initiative-detail-page/garden-illumination?lang=en,project-initiative-detail-page,garden-illumination,https://www.pmc.gov.in/en/b/garden-illumination,Found,,191,,
https://webadmin.pmc.gov.in/api/project-initiative-detail-page/g-d-madgulkar-memorial-kothrud?lang=en,project-initiative-detail-page,g-d-madgulkar-memorial-kothrud,https://www.pmc.gov.in/en/b/g-d-madgulkar-memorial-kothrud,Found,,191,,
https://webadmin.pmc.gov.in/api/project-initiative-detail-page/ghorpadi-railway-overpass-project?lang=en,project-initiative-detail-page,ghorpadi-railway-overpass-project,https://www.pmc.gov.in/en/b/ghorpadi-railway-overpass-project,Found,,191,,
https://webadmin.pmc.gov.in/api/project-initiative-detail-page/heritage-illumination?lang=en,project-initiative-detail-page,heritage-illumination,https://www.pmc.gov.in/en/b/heritage-illumination,Found,,191,,
https://webadmin.pmc.gov.in/api/project-initiative-detail-page/homi-bhabha-hospital-shivajinagar?lang=en,project-initiative-detail-page,homi-bhabha-hospital-shivajinagar,https://www.pmc.gov.in/en/b/homi-bhabha-hospital-shivajinagar,Found,,191,,
https://webadmin.pmc.gov.in/api/project-initiative-detail-page/kalyani-nagar-bridge-expansion-project?lang=en,project-initiative-detail-page,kalyani-nagar-bridge-expansion-project,https://www.pmc.gov.in/en/b/kalyani-nagar-bridge-expansion-project,Found,,191,,
https://webadmin.pmc.gov.in/api/project-initiative-detail-page/khadakwasla-dam-project?lang=en,project-initiative-detail-page,khadakwasla-dam-project,https://www.pmc.gov.in/en/b/khadakwasla-dam-project,Found,,191,,
https://webadmin.pmc.gov.in/api/project-initiative-detail-page/koregaon-park-railway-overpass-project?lang=en,project-initiative-detail-page,koregaon-park-railway-overpass-project,https://www.pmc.gov.in/en/b/koregaon-park-railway-overpass-project,Found,,191,,
https://webadmin.pmc.gov.in/api/basic-page/bhavan?lang=en,basic-page,bhavan,https://www.pmc.gov.in/en/b/bhavan,Found,,191,,
https://webadmin.pmc.gov.in/api/basic-page/building-development?lang=en,basic-page,building-development,https://www.pmc.gov.in/en/b/building-development,Found,,191,,
https://webadmin.pmc.gov.in/api/basic-page/census?lang=en,basic-page,census,https://www.pmc.gov.in/en/b/census,Found,,191,,
https://webadmin.pmc.gov.in/api/menu-data/pmc-services-citizen?lang=en,menu-data,pmc-services-citizen,https://www.pmc.gov.in/en/b/pmc-services-citizen,Found,,191,,
https://webadmin.pmc.gov.in/api/menu-data/media-updates?lang=en,menu-data,media-updates,https://www.pmc.gov.in/en/b/media-updates,Found,,191,,
https://webadmin.pmc.gov.in/api/menu-data/contact-us?lang=en,menu-data,contact-us,https://www.pmc.gov.in/en/b/contact-us,Found,,191,,
https://webadmin.pmc.gov.in/api/listing-api/sidebar_promotional_banner?limit=4&lang=en,listing-api,listing-api,,No working frontend URL found,,,,
https://webadmin.pmc.gov.in/api/listing-api/department_useful_links?page_no=1&limit=100&order=asc&lang=en&slug=building-development&vocabulary=department,listing-api,department,https://www.pmc.gov.in/en/b/department,Found,,191,,
https://webadmin.pmc.gov.in/api/basic-page/census?lang=en,basic-page,census,https://www.pmc.gov.in/en/b/census,Found,,191,,
https://www.pmc.gov.in/_next/data/20VYjpUoXxe0T-efxO9Pl/en/about-pune.json,unknown,en,https://www.pmc.gov.in/en/b/en,Found,,191,,
https://webadmin.pmc.gov.in/api/basic-page/pune-city-page?lang=en,basic-page,pune-city-page,https://www.pmc.gov.in/en/b/pune-city-page,Found,,191,,
https://webadmin.pmc.gov.in/api/setting/settings-page?lang=en,setting,settings-page,https://www.pmc.gov.in/en/b/settings-page,Found,,191,,
https://webadmin.pmc.gov.in/api/menu-data/corporation?lang=en,menu-data,corporation,https://www.pmc.gov.in/en/b/corporation,Found,,191,,
https://webadmin.pmc.gov.in/api/tab_data/tabs?lang=en,tab_data,tabs,https://www.pmc.gov.in/en/b/tabs,Found,,191,,
https://webadmin.pmc.gov.in/api/get_data/daily_updates?lang=en,get_data,daily_updates,https://www.pmc.gov.in/en/b/daily_updates,Found,,191,,
https://webadmin.pmc.gov.in/api/punekar_data/pmc_for_punekar?lang=en,punekar_data,pmc_for_punekar,https://www.pmc.gov.in/en/b/pmc_for_punekar,Found,,191,,
https://webadmin.pmc.gov.in/api/other-websites/our_other_websites?lang=en,other-websites,our_other_websites,https://www.pmc.gov.in/en/b/our_other_websites,Found,,191,,
https://webadmin.pmc.gov.in/api/listing-api/department_useful_links?page_no=1&limit=100&order=asc&lang=en&slug=building-development&vocabulary=department,listing-api,department,https://www.pmc.gov.in/en/b/department,Found,,191,,
https://webadmin.pmc.gov.in/api/listing-api/news?&page_no=1&limit=12&sort_by=undefined&status=&lang=en&order=desc,listing-api,listing-api,,No working frontend URL found,,,,
https://webadmin.pmc.gov.in/api/listing-api/news?&page_no=2&limit=12&sort_by=undefined&status=&lang=en&order=desc,listing-api,listing-api,,No working frontend URL found,,,,
https://webadmin.pmc.gov.in/api/basic-page/blood-bank?lang=en,basic-page,blood-bank,https://www.pmc.gov.in/en/b/blood-bank,Found,,191,,
https://webadmin.pmc.gov.in/api/news-detail-page/vibgyor-students-witness-fire-brigade-demo-kondhwa-khurd-fire-station?lang=en,news-detail-page,vibgyor-students-witness-fire-brigade-demo-kondhwa-khurd-fire-station,https://www.pmc.gov.in/en/b/vibgyor-students-witness-fire-brigade-demo-kondhwa-khurd-fire-station,Found,,191,,
https://webadmin.pmc.gov.in/api/news-detail-page/ganesh-festival-2025-pre-festival-planning-meeting-held?lang=en,news-detail-page,ganesh-festival-2025-pre-festival-planning-meeting-held,https://www.pmc.gov.in/en/b/ganesh-festival-2025-pre-festival-planning-meeting-held,Found,,191,,
https://webadmin.pmc.gov.in/api/news-detail-page/ganesh-festival-2025-pre-festival-planning-meeting-held?lang=en,news-detail-page,ganesh-festival-2025-pre-festival-planning-meeting-held,https://www.pmc.gov.in/en/b/ganesh-festival-2025-pre-festival-planning-meeting-held,Found,,191,,
https://webadmin.pmc.gov.in/api/news-detail-page/launch-road-adoption-scheme-held-successfully?lang=en,news-detail-page,launch-road-adoption-scheme-held-successfully,https://www.pmc.gov.in/en/b/launch-road-adoption-scheme-held-successfully,Found,,191,,
https://webadmin.pmc.gov.in/api/news-detail-page/special-workshop-solid-waste-management-department-food-waste-reduction?lang=en,news-detail-page,special-workshop-solid-waste-management-department-food-waste-reduction,https://www.pmc.gov.in/en/b/special-workshop-solid-waste-management-department-food-waste-reduction,Found,,191,,
https://webadmin.pmc.gov.in/api/news-detail-page/deep-clean-drive?lang=en,news-detail-page,deep-clean-drive,https://www.pmc.gov.in/en/b/deep-clean-drive,Found,,191,,
https://webadmin.pmc.gov.in/api/news-detail-page/tree-plantation-festival-and-tree-hospital-van-inauguration-held-pmc?lang=en,news-detail-page,tree-plantation-festival-and-tree-hospital-van-inauguration-held-pmc,https://www.pmc.gov.in/en/b/tree-plantation-festival-and-tree-hospital-van-inauguration-held-pmc,Found,,191,,
https://webadmin.pmc.gov.in/api/news-detail-page/international-biodiversity-day-online-quiz?lang=en,news-detail-page,international-biodiversity-day-online-quiz,https://www.pmc.gov.in/en/b/international-biodiversity-day-online-quiz,Found,,191,,
https://webadmin.pmc.gov.in/api/news-detail-page/reduce-pollution-make-life-beautiful?lang=en,news-detail-page,reduce-pollution-make-life-beautiful,https://www.pmc.gov.in/en/b/reduce-pollution-make-life-beautiful,Found,,191,,
https://webadmin.pmc.gov.in/api/news-detail-page/plastic-free-pune-cleanliness-drive?lang=en,news-detail-page,plastic-free-pune-cleanliness-drive,https://www.pmc.gov.in/en/b/plastic-free-pune-cleanliness-drive,Found,,191,,
https://webadmin.pmc.gov.in/api/news-detail-page/pune-municipal-corporations-e-cart-pilot-initiative-begins?lang=en,news-detail-page,pune-municipal-corporations-e-cart-pilot-initiative-begins,https://www.pmc.gov.in/en/b/pune-municipal-corporations-e-cart-pilot-initiative-begins,Found,,191,,
https://webadmin.pmc.gov.in/api/news-detail-page/heritage-yatra-2025-celebration-punes-cultural-legacy?lang=en,news-detail-page,heritage-yatra-2025-celebration-punes-cultural-legacy,https://www.pmc.gov.in/en/b/heritage-yatra-2025-celebration-punes-cultural-legacy,Found,,191,,
https://webadmin.pmc.gov.in/api/basic-page/public-information-officers?lang=en,basic-page,public-information-officers,https://www.pmc.gov.in/en/b/public-information-officers,Found,,191,,
https://webadmin.pmc.gov.in/api/listing-api/circular?&page_no=1&limit=20&sort_by=undefined&status=&lang=en&vocabulary=department,listing-api,department,https://www.pmc.gov.in/en/b/department,Found,,191,,
https://webadmin.pmc.gov.in/api/listing-api/rti_act?&page_no=1&limit=16&sort_by=&status=&lang=en&vocabulary=department,listing-api,department,https://www.pmc.gov.in/en/b/department,Found,,191,,
https://webadmin.pmc.gov.in/api/listing-api/reports_and_dpr?&page_no=1&limit=16&sort_by=&status=&lang=en&vocabulary=department,listing-api,department,https://www.pmc.gov.in/en/b/department,Found,,191,,
https://webadmin.pmc.gov.in/api/listing-api/rti_first_appeal?&page_no=1&limit=16&sort_by=&status=&lang=en&vocabulary=department,listing-api,department,https://www.pmc.gov.in/en/b/department,Found,,191,,
https://webadmin.pmc.gov.in/api/listing-api/citizen_charter?&page_no=1&limit=16&sort_by=&status=&lang=en&vocabulary=department,listing-api,department,https://www.pmc.gov.in/en/b/department,Found,,191,,
https://webadmin.pmc.gov.in/api/listing-api/mmc_act?&page_no=1&limit=16&sort_by=&status=&lang=en&vocabulary=department,listing-api,department,https://www.pmc.gov.in/en/b/department,Found,,191,,
https://webadmin.pmc.gov.in/api/listing-api/committee_decisions?&page_no=1&limit=16&sort_by=&status=&lang=en&vocabulary=name_of_the_committee,listing-api,name_of_the_committee,,No working frontend URL found,,,,
https://webadmin.pmc.gov.in/api/listing-api/public_disclosure?&page_no=1&limit=20&sort_by=undefined&status=&lang=en&vocabulary=department,listing-api,department,https://www.pmc.gov.in/en/b/department,Found,,191,,
https://webadmin.pmc.gov.in/api/project-initiative-detail-page/repair-work-various-structurally-audited-bridges-pune-city?lang=en,project-initiative-detail-page,repair-work-various-structurally-audited-bridges-pune-city,https://www.pmc.gov.in/en/b/repair-work-various-structurally-audited-bridges-pune-city,Found,,191,,
https://webadmin.pmc.gov.in/api/project-initiative-detail-page/road-illumination?lang=en,project-initiative-detail-page,road-illumination,https://www.pmc.gov.in/en/b/road-illumination,Found,,191,,
https://webadmin.pmc.gov.in/api/project-initiative-detail-page/sane-guruji-ambil-odha-colony-parvati-redevelopment-project?lang=en,project-initiative-detail-page,sane-guruji-ambil-odha-colony-parvati-redevelopment-project,https://www.pmc.gov.in/en/b/sane-guruji-ambil-odha-colony-parvati-redevelopment-project,Found,,191,,
https://webadmin.pmc.gov.in/api/project-initiative-detail-page/sanjay-gandhi-hospital-bopodi?lang=en,project-initiative-detail-page,sanjay-gandhi-hospital-bopodi,https://www.pmc.gov.in/en/b/sanjay-gandhi-hospital-bopodi,Found,,191,,
https://webadmin.pmc.gov.in/api/project-initiative-detail-page/senior-cartoonist-r-k-laxman-art-gallery?lang=en,project-initiative-detail-page,senior-cartoonist-r-k-laxman-art-gallery,https://www.pmc.gov.in/en/b/senior-cartoonist-r-k-laxman-art-gallery,Found,,191,,
https://webadmin.pmc.gov.in/api/project-initiative-detail-page/shri-chhatrapati-shivaji-raje-bhosale-cultural-hall-and-art-center?lang=en,project-initiative-detail-page,shri-chhatrapati-shivaji-raje-bhosale-cultural-hall-and-art-center,https://www.pmc.gov.in/en/b/shri-chhatrapati-shivaji-raje-bhosale-cultural-hall-and-art-center,Found,,191,,
https://webadmin.pmc.gov.in/api/project-initiative-detail-page/sr-no-113-playground-and-sports-complex-warje-pune?lang=en,project-initiative-detail-page,sr-no-113-playground-and-sports-complex-warje-pune,https://www.pmc.gov.in/en/b/sr-no-113-playground-and-sports-complex-warje-pune,Found,,191,,
https://webadmin.pmc.gov.in/api/project-initiative-detail-page/suncity-flyover-and-bridge-project?lang=en,project-initiative-detail-page,suncity-flyover-and-bridge-project,https://www.pmc.gov.in/en/b/suncity-flyover-and-bridge-project,Found,,191,,
https://webadmin.pmc.gov.in/api/project-initiative-detail-page/tribal-learning-womens-hostel-s-no-88-baner?lang=en,project-initiative-detail-page,tribal-learning-womens-hostel-s-no-88-baner,https://www.pmc.gov.in/en/b/tribal-learning-womens-hostel-s-no-88-baner,Found,,191,,
https://webadmin.pmc.gov.in/api/project-initiative-detail-page/vithhalrao-tupe-theatre-hadapsar?lang=en,project-initiative-detail-page,vithhalrao-tupe-theatre-hadapsar,https://www.pmc.gov.in/en/b/vithhalrao-tupe-theatre-hadapsar,Found,,191,,
https://webadmin.pmc.gov.in/api/project-initiative-detail-page/wanjale-e-learning-school-shivane?lang=en,project-initiative-detail-page,wanjale-e-learning-school-shivane,https://www.pmc.gov.in/en/b/wanjale-e-learning-school-shivane,Found,,191,,
https://webadmin.pmc.gov.in/api/project-initiative-detail-page/water-purification-parvati?lang=en,project-initiative-detail-page,water-purification-parvati,https://www.pmc.gov.in/en/b/water-purification-parvati,Found,,191,,
https://webadmin.pmc.gov.in/api/project-initiative-detail-page/widening-tarkareshwar-bridge-and-development-t-junction-yerwada?lang=en,project-initiative-detail-page,widening-tarkareshwar-bridge-and-development-t-junction-yerwada,https://www.pmc.gov.in/en/b/widening-tarkareshwar-bridge-and-development-t-junction-yerwada,Found,,191,,
https://webadmin.pmc.gov.in/api/project-initiative-detail-page/lahuji-vastad-salve-memorial-sangamwadi?lang=en,project-initiative-detail-page,lahuji-vastad-salve-memorial-sangamwadi,https://www.pmc.gov.in/en/b/lahuji-vastad-salve-memorial-sangamwadi,Found,,191,,
https://webadmin.pmc.gov.in/api/project-initiative-detail-page/late-subhadra-prabhakar-barate-multispeciality-maternity-hospital-warje?lang=en,project-initiative-detail-page,late-subhadra-prabhakar-barate-multispeciality-maternity-hospital-warje,https://www.pmc.gov.in/en/b/late-subhadra-prabhakar-barate-multispeciality-maternity-hospital-warje,Found,,191,,
https://webadmin.pmc.gov.in/api/project-initiative-detail-page/p-m-c-colony-no-8-9-ghorpade-peth?lang=en,project-initiative-detail-page,p-m-c-colony-no-8-9-ghorpade-peth,https://www.pmc.gov.in/en/b/p-m-c-colony-no-8-9-ghorpade-peth,Found,,191,,
https://webadmin.pmc.gov.in/api/project-initiative-detail-page/proposed-memorial-building-krantijyoti-savitribai-phules-first-girls-school-india-bhide-wada?lang=en,project-initiative-detail-page,proposed-memorial-building-krantijyoti-savitribai-phules-first-girls-school-india-bhide-wada,https://www.pmc.gov.in/en/b/proposed-memorial-building-krantijyoti-savitribai-phules-first-girls-school-india-bhide-wada,Found,,191,,
https://webadmin.pmc.gov.in/api/project-initiative-detail-page/pu-la-deshpande-kalagram-sinhagad-road?lang=en,project-initiative-detail-page,pu-la-deshpande-kalagram-sinhagad-road,https://www.pmc.gov.in/en/b/pu-la-deshpande-kalagram-sinhagad-road,Found,,191,,
https://webadmin.pmc.gov.in/api/basic-page/accounts?lang=en,basic-page,accounts,https://www.pmc.gov.in/en/b/accounts,Found,,191,,
https://webadmin.pmc.gov.in/api/basic-page/ce-project?lang=en,basic-page,ce-project,https://www.pmc.gov.in/en/b/ce-project,Found,,191,,
https://webadmin.pmc.gov.in/api/basic-page/disaster?lang=en,basic-page,disaster,https://www.pmc.gov.in/en/b/disaster,Found,,191,,
https://webadmin.pmc.gov.in/api/basic-page/drainage?lang=en,basic-page,drainage,https://www.pmc.gov.in/en/b/drainage,Found,,191,,
https://webadmin.pmc.gov.in/api/basic-page/encroachment?lang=en,basic-page,encroachment,https://www.pmc.gov.in/en/b/encroachment,Found,,191,,
https://webadmin.pmc.gov.in/api/basic-page/environment?lang=en,basic-page,environment,https://www.pmc.gov.in/en/b/environment,Found,,191,,
https://webadmin.pmc.gov.in/api/basic-page/fire?lang=en,basic-page,fire,https://www.pmc.gov.in/en/b/fire,Found,,191,,
https://webadmin.pmc.gov.in/api/basic-page/garden?lang=en,basic-page,garden,https://www.pmc.gov.in/en/b/garden,Found,,191,,
https://webadmin.pmc.gov.in/api/basic-page/it?lang=en,basic-page,it,https://www.pmc.gov.in/en/b/it,Found,,191,,
https://webadmin.pmc.gov.in/api/basic-page/labour-welfare?lang=en,basic-page,labour-welfare,https://www.pmc.gov.in/en/b/labour-welfare,Found,,191,,
https://webadmin.pmc.gov.in/api/basic-page/secretary?lang=en,basic-page,secretary,https://www.pmc.gov.in/en/b/secretary,Found,,191,,
https://webadmin.pmc.gov.in/api/basic-page/pmay?lang=en,basic-page,pmay,https://www.pmc.gov.in/en/b/pmay,Found,,191,,
https://webadmin.pmc.gov.in/api/basic-page/secondary?lang=en,basic-page,secondary,https://www.pmc.gov.in/en/b/secondary,Found,,191,,
https://webadmin.pmc.gov.in/api/basic-page/skysign?lang=en,basic-page,skysign,https://www.pmc.gov.in/en/b/skysign,Found,,191,,
https://webadmin.pmc.gov.in/api/basic-page/social-welfare?lang=en,basic-page,social-welfare,https://www.pmc.gov.in/en/b/social-welfare,Found,,191,,
https://webadmin.pmc.gov.in/api/basic-page/solid-waste-management?lang=en,basic-page,solid-waste-management,https://www.pmc.gov.in/en/b/solid-waste-management,Found,,191,,
https://webadmin.pmc.gov.in/api/basic-page/tree?lang=en,basic-page,tree,https://www.pmc.gov.in/en/b/tree,Found,,191,,
https://webadmin.pmc.gov.in/api/basic-page/water?lang=en,basic-page,water,https://www.pmc.gov.in/en/b/water,Found,,191,,
https://webadmin.pmc.gov.in/api/basic-page/organizational-structure?lang=en,basic-page,organizational-structure,https://www.pmc.gov.in/en/b/organizational-structure,Found,,191,,
https://webadmin.pmc.gov.in/api/zone-officer-data/zone_officers?lang=en,zone-officer-data,zone_officers,https://www.pmc.gov.in/en/b/zone_officers,Found,,191,,
https://webadmin.pmc.gov.in/api/listing-api/recruitment?&page_no=1&limit=20&sort_by=undefined&status=&lang=en&vocabulary=department,listing-api,department,https://www.pmc.gov.in/en/b/department,Found,,191,,
https://webadmin.pmc.gov.in/api/budgets?order=desc&lang=en,budgets,budgets,,No working frontend URL found,,,,
https://webadmin.pmc.gov.in/api/basic-page/maharashtra-right-service-act?lang=en,basic-page,maharashtra-right-service-act,https://www.pmc.gov.in/en/b/maharashtra-right-service-act,Found,,191,,
https://webadmin.pmc.gov.in/api/listing-api/pmc_officer?&page_no=undefined&limit=1&sort_by=undefined&status=undefined&lang=en,listing-api,listing-api,,No working frontend URL found,,,,
https://webadmin.pmc.gov.in/api/basic-page/swachh-survekshan-2025-deep-cleaning-drive?lang=en,basic-page,swachh-survekshan-2025-deep-cleaning-drive,https://www.pmc.gov.in/en/b/swachh-survekshan-2025-deep-cleaning-drive,Found,,191,,
https://webadmin.pmc.gov.in/api/basic-page/current-status-dams-pune-region-2025?lang=en,basic-page,current-status-dams-pune-region-2025,https://www.pmc.gov.in/en/b/current-status-dams-pune-region-2025,Found,,191,,
https://webadmin.pmc.gov.in/api/basic-page/blood-bank?lang=en,basic-page,blood-bank,https://www.pmc.gov.in/en/b/blood-bank,Found,,191,,
https://webadmin.pmc.gov.in/api/basic-page/precaution-and-guidelines?lang=en,basic-page,precaution-and-guidelines,https://www.pmc.gov.in/en/b/precaution-and-guidelines,Found,,191,,
https://webadmin.pmc.gov.in/api/basic-page/ambulance?lang=en,basic-page,ambulance,https://www.pmc.gov.in/en/b/ambulance,Found,,191,,
https://webadmin.pmc.gov.in/api/listing-api/fire_brigade_stations?&page_no=1&limit=12&sort_by=&status=&lang=en,listing-api,listing-api,,No working frontend URL found,,,,
https://webadmin.pmc.gov.in/api/menu-data/pmc-services-citizen?lang=en,menu-data,pmc-services-citizen,https://www.pmc.gov.in/en/b/pmc-services-citizen,Found,,191,,
"https://webadmin.pmc.gov.in/api/listing-api/online_services?&page_no=1&limit=1000&sort_by=undefined&status=undefined&lang=en&department=Building%20Development&service_type=resident,business&order=asc",listing-api,listing-api,,No working frontend URL found,,,,
"https://webadmin.pmc.gov.in/api/listing-api/online_services?&page_no=1&limit=1000&sort_by=undefined&status=undefined&lang=en&department=others&service_type=resident,business&order=asc",listing-api,listing-api,,No working frontend URL found,,,,
https://webadmin.pmc.gov.in/api/listing-api/department_useful_links?page_no=1&limit=100&order=asc&lang=en&slug=building-development&vocabulary=department,listing-api,department,https://www.pmc.gov.in/en/b/department,Found,,191,,
https://webadmin.pmc.gov.in/api/listing-api/department_useful_links?page_no=1&limit=100&order=asc&lang=en&slug=building-development&vocabulary=department,listing-api,department,https://www.pmc.gov.in/en/b/department,Found,,191,,
https://webadmin.pmc.gov.in/api/listing-api/disaster_management?&page_no=1&limit=1000&sort_by=undefined&status=undefined&lang=en&order=asc,listing-api,listing-api,,No working frontend URL found,,,,
